"","x"
"1",1382
"2",6780
"3",5913
"4",6396
"5",5142
"6",3692
"7",7347
"8",6427
"9",1714
"10",294
"11",295
"12",4179
"13",6591
"14",540
"15",4194
"16",7971
"17",7883
"18",3608
"19",992
"20",2218
"21",4708
"22",3326
"23",5633
"24",4840
"25",1928
"26",3498
"27",1369
"28",5255
"29",5454
"30",129
"31",3329
"32",665
"33",1107
"34",6272
"35",4726
"36",4272
"37",6908
"38",644
"39",5222
"40",7634
"41",4718
"42",3243
"43",105
"44",427
"45",4225
"46",4108
"47",445
"48",7739
"49",4511
"50",7841
"51",1886
"52",1329
"53",3588
"54",292
"55",1202
"56",7809
"57",4449
"58",124
"59",7306
"60",3788
"61",3475
"62",6472
"63",5009
"64",1064
"65",1649
"66",920
"67",1200
"68",1771
"69",5583
"70",1889
"71",50
"72",3753
"73",5514
"74",628
"75",4830
"76",6423
"77",324
"78",3748
"79",3298
"80",6122
"81",4060
"82",7033
"83",3381
"84",5818
"85",24
"86",7205
"87",3991
"88",2582
"89",2135
"90",2945
"91",8136
"92",2644
"93",2899
"94",5727
"95",1317
"96",1478
"97",6032
"98",2569
"99",6995
"100",3417
"101",2071
"102",3653
"103",1542
"104",7913
"105",7508
"106",5702
"107",4779
"108",5416
"109",680
"110",5126
"111",267
"112",7225
"113",6012
"114",2612
"115",4386
"116",1830
"117",3295
"118",2454
"119",3823
"120",493
"121",1486
"122",275
"123",3346
"124",75
"125",7575
"126",6178
"127",4358
"128",6707
"129",232
"130",3649
"131",4455
"132",6486
"133",545
"134",72
"135",6906
"136",2688
"137",2061
"138",1438
"139",6229
"140",659
"141",2731
"142",1427
"143",4264
"144",6126
"145",880
"146",1705
"147",7471
"148",7466
"149",3172
"150",5503
"151",4644
"152",8081
"153",1450
"154",3367
"155",2976
"156",3362
"157",5784
"158",7501
"159",4967
"160",574
"161",7515
"162",1868
"163",7092
"164",1381
"165",1337
"166",5340
"167",5929
"168",6519
"169",1339
"170",3756
"171",682
"172",2682
"173",437
"174",7362
"175",8011
"176",5840
"177",1255
"178",3222
"179",4754
"180",4884
"181",1071
"182",7302
"183",2015
"184",277
"185",3553
"186",2292
"187",4517
"188",6769
"189",7756
"190",6443
"191",5535
"192",3374
"193",4401
"194",2720
"195",3516
"196",5377
"197",31
"198",6257
"199",6789
"200",488
"201",7738
"202",7981
"203",7425
"204",2813
"205",6436
"206",3335
"207",5646
"208",2246
"209",166
"210",861
"211",2112
"212",3048
"213",5146
"214",3950
"215",534
"216",8220
"217",7666
"218",4324
"219",3141
"220",4184
"221",5954
"222",8
"223",7396
"224",7704
"225",7772
"226",5304
"227",7758
"228",6161
"229",3072
"230",1083
"231",4489
"232",6289
"233",2512
"234",8019
"235",3050
"236",3094
"237",3859
"238",5932
"239",7415
"240",4279
"241",144
"242",6654
"243",2516
"244",8086
"245",1577
"246",725
"247",2698
"248",2261
"249",3397
"250",6878
"251",4817
"252",5773
"253",6766
"254",4737
"255",3644
"256",7677
"257",972
"258",8138
"259",3315
"260",7235
"261",2181
"262",6571
"263",7052
"264",3445
"265",318
"266",60
"267",5668
"268",889
"269",798
"270",4544
"271",6699
"272",2737
"273",1764
"274",336
"275",5951
"276",4767
"277",2333
"278",3202
"279",5976
"280",7616
"281",7419
"282",5422
"283",6706
"284",3643
"285",2718
"286",7349
"287",5843
"288",6286
"289",7714
"290",4484
"291",3717
"292",2151
"293",7122
"294",1801
"295",5971
"296",4464
"297",1063
"298",2766
"299",6971
"300",1033
"301",7422
"302",4372
"303",2684
"304",1057
"305",3779
"306",8152
"307",893
"308",89
"309",678
"310",3962
"311",6820
"312",7644
"313",6354
"314",5463
"315",4975
"316",4947
"317",6282
"318",1077
"319",5063
"320",1692
"321",8089
"322",3421
"323",3856
"324",2476
"325",3318
"326",65
"327",620
"328",6254
"329",6336
"330",4050
"331",5087
"332",3800
"333",7492
"334",1903
"335",241
"336",3769
"337",6937
"338",5150
"339",1662
"340",6221
"341",556
"342",2161
"343",3791
"344",447
"345",5367
"346",1244
"347",3474
"348",2733
"349",5449
"350",7766
"351",3566
"352",5733
"353",4822
"354",4228
"355",4924
"356",1320
"357",910
"358",1440
"359",8150
"360",5528
"361",5390
"362",204
"363",2683
"364",5750
"365",4110
"366",5141
"367",4528
"368",3529
"369",1305
"370",4632
"371",7324
"372",1837
"373",525
"374",2213
"375",4460
"376",3033
"377",6473
"378",8001
"379",1763
"380",4352
"381",1228
"382",6927
"383",4380
"384",2657
"385",5041
"386",6653
"387",5725
"388",1323
"389",4155
"390",2762
"391",6424
"392",662
"393",5850
"394",5134
"395",2926
"396",6704
"397",6250
"398",7574
"399",7931
"400",3764
"401",6177
"402",3283
"403",4507
"404",188
"405",6218
"406",158
"407",7589
"408",874
"409",4047
"410",4714
"411",1613
"412",4931
"413",5352
"414",7737
"415",5815
"416",7112
"417",4578
"418",4051
"419",1899
"420",3493
"421",3407
"422",5013
"423",3914
"424",5614
"425",1018
"426",8167
"427",7693
"428",7403
"429",296
"430",7485
"431",7929
"432",5569
"433",970
"434",842
"435",3054
"436",6605
"437",8130
"438",4425
"439",3008
"440",2479
"441",3602
"442",6490
"443",1089
"444",1300
"445",4604
"446",1487
"447",8096
"448",2558
"449",2384
"450",6348
"451",2133
"452",554
"453",6617
"454",244
"455",6169
"456",368
"457",3700
"458",5645
"459",7793
"460",5033
"461",2055
"462",2248
"463",6482
"464",669
"465",3139
"466",7339
"467",4821
"468",4868
"469",43
"470",1839
"471",344
"472",2463
"473",2086
"474",1276
"475",5120
"476",7301
"477",6074
"478",8073
"479",1205
"480",7469
"481",6501
"482",7649
"483",2879
"484",8051
"485",2069
"486",7559
"487",7681
"488",2421
"489",5495
"490",3220
"491",7061
"492",797
"493",4224
"494",3745
"495",7507
"496",5555
"497",409
"498",2121
"499",5595
"500",4617
"501",6679
"502",8128
"503",642
"504",4197
"505",7599
"506",769
"507",5484
"508",321
"509",6302
"510",3527
"511",4135
"512",7679
"513",4157
"514",1915
"515",1216
"516",3724
"517",5605
"518",2855
"519",967
"520",1177
"521",804
"522",4022
"523",5700
"524",677
"525",6404
"526",7199
"527",4546
"528",1312
"529",1283
"530",2875
"531",4049
"532",5296
"533",137
"534",3934
"535",1848
"536",4825
"537",330
"538",11
"539",3688
"540",283
"541",3998
"542",2584
"543",724
"544",3451
"545",4681
"546",2343
"547",5707
"548",274
"549",5483
"550",1509
"551",6487
"552",510
"553",6470
"554",6138
"555",2639
"556",4220
"557",6331
"558",359
"559",4129
"560",7794
"561",1646
"562",133
"563",7249
"564",3169
"565",6673
"566",728
"567",8057
"568",440
"569",971
"570",4463
"571",633
"572",7251
"573",4780
"574",5917
"575",5757
"576",2355
"577",4128
"578",4586
"579",8093
"580",6147
"581",483
"582",5376
"583",2282
"584",4744
"585",2587
"586",4399
"587",2851
"588",7414
"589",3533
"590",694
"591",3361
"592",6173
"593",6991
"594",51
"595",3574
"596",6210
"597",7625
"598",1076
"599",2739
"600",2887
"601",4043
"602",5067
"603",1333
"604",6481
"605",7523
"606",6781
"607",1507
"608",2176
"609",2449
"610",7723
"611",3106
"612",2458
"613",5546
"614",4543
"615",7615
"616",128
"617",2830
"618",1043
"619",2783
"620",5817
"621",6520
"622",6549
"623",5124
"624",2983
"625",629
"626",5695
"627",22
"628",3661
"629",7078
"630",7544
"631",4867
"632",2667
"633",3919
"634",3467
"635",559
"636",1240
"637",8239
"638",4646
"639",3059
"640",4229
"641",5718
"642",169
"643",6609
"644",3795
"645",6779
"646",7685
"647",567
"648",512
"649",6570
"650",1570
"651",5200
"652",1876
"653",3121
"654",1982
"655",3215
"656",1439
"657",687
"658",4412
"659",5789
"660",6437
"661",671
"662",7528
"663",6474
"664",1685
"665",6135
"666",5735
"667",6788
"668",2483
"669",1039
"670",2045
"671",4261
"672",1958
"673",7664
"674",7130
"675",2109
"676",3403
"677",7578
"678",5336
"679",2719
"680",7851
"681",8269
"682",184
"683",6669
"684",287
"685",26
"686",5016
"687",2142
"688",1921
"689",7465
"690",4218
"691",201
"692",3236
"693",4661
"694",650
"695",1011
"696",1707
"697",6375
"698",3916
"699",2911
"700",1405
"701",7600
"702",7079
"703",173
"704",6288
"705",6406
"706",252
"707",762
"708",2922
"709",2671
"710",354
"711",3415
"712",1749
"713",3669
"714",7895
"715",7105
"716",610
"717",5525
"718",2204
"719",5407
"720",3001
"721",7413
"722",4649
"723",5803
"724",6579
"725",2283
"726",7211
"727",2768
"728",2595
"729",7614
"730",8179
"731",770
"732",2672
"733",4075
"734",6811
"735",8054
"736",1508
"737",4091
"738",1363
"739",7386
"740",7619
"741",1556
"742",1855
"743",2038
"744",142
"745",2325
"746",4098
"747",6892
"748",5281
"749",2450
"750",1460
"751",3077
"752",3654
"753",3056
"754",4858
"755",2010
"756",3979
"757",5453
"758",3375
"759",5239
"760",6440
"761",1826
"762",7624
"763",7076
"764",6454
"765",5654
"766",2993
"767",4475
"768",2076
"769",3790
"770",793
"771",1626
"772",2816
"773",1627
"774",4137
"775",4687
"776",6500
"777",1761
"778",4974
"779",2304
"780",4087
"781",4305
"782",2031
"783",6384
"784",4427
"785",7296
"786",2194
"787",6059
"788",1576
"789",3655
"790",2618
"791",5165
"792",6338
"793",7491
"794",2575
"795",1219
"796",1833
"797",500
"798",4392
"799",6660
"800",4879
"801",6447
"802",6085
"803",7896
"804",5513
"805",3573
"806",7505
"807",1878
"808",3681
"809",4333
"810",7816
"811",6714
"812",6154
"813",6372
"814",7576
"815",4689
"816",5434
"817",5370
"818",3497
"819",7074
"820",2860
"821",5114
"822",3209
"823",259
"824",5395
"825",3908
"826",2870
"827",7209
"828",7703
"829",6731
"830",7397
"831",6695
"832",4118
"833",6516
"834",6157
"835",4021
"836",350
"837",285
"838",1964
"839",408
"840",4056
"841",3149
"842",8272
"843",4477
"844",7904
"845",52
"846",986
"847",5404
"848",3416
"849",4662
"850",7429
"851",1829
"852",1537
"853",6117
"854",1208
"855",6484
"856",7531
"857",1029
"858",6606
"859",5556
"860",4366
"861",3809
"862",6961
"863",507
"864",7691
"865",5585
"866",2629
"867",1722
"868",7582
"869",5804
"870",896
"871",5791
"872",7176
"873",6530
"874",351
"875",7335
"876",312
"877",7314
"878",6955
"879",304
"880",5857
"881",3604
"882",6632
"883",5950
"884",4148
"885",5251
"886",386
"887",7754
"888",962
"889",7710
"890",3910
"891",2146
"892",6888
"893",587
"894",7029
"895",462
"896",335
"897",1479
"898",2242
"899",6479
"900",3924
"901",5970
"902",1773
"903",303
"904",5602
"905",3888
"906",2656
"907",3866
"908",6958
"909",6853
"910",8082
"911",5892
"912",4131
"913",5121
"914",4071
"915",6564
"916",538
"917",4809
"918",6278
"919",3126
"920",1523
"921",1737
"922",5388
"923",6497
"924",3631
"925",6580
"926",7071
"927",6170
"928",93
"929",6111
"930",7874
"931",2722
"932",7434
"933",792
"934",5639
"935",5762
"936",490
"937",187
"938",2228
"939",2393
"940",7538
"941",3874
"942",3571
"943",3818
"944",8213
"945",2003
"946",6098
"947",6942
"948",4928
"949",504
"950",2730
"951",4985
"952",5589
"953",432
"954",6648
"955",6595
"956",2312
"957",116
"958",160
"959",3063
"960",3107
"961",5337
"962",6191
"963",897
"964",5238
"965",1806
"966",3938
"967",1753
"968",4262
"969",5687
"970",7712
"971",2546
"972",3792
"973",7275
"974",1667
"975",3821
"976",5300
"977",4046
"978",2162
"979",4164
"980",4831
"981",5808
"982",3196
"983",6299
"984",4339
"985",5419
"986",6802
"987",2319
"988",5423
"989",6839
"990",6260
"991",3907
"992",1121
"993",789
"994",7587
"995",2544
"996",2160
"997",6787
"998",6022
"999",5338
"1000",8063
"1001",2693
"1002",2172
"1003",6456
"1004",5389
"1005",5169
"1006",6222
"1007",5011
"1008",1790
"1009",6347
"1010",450
"1011",938
"1012",2736
"1013",32
"1014",8116
"1015",1307
"1016",5560
"1017",3489
"1018",5975
"1019",3633
"1020",752
"1021",6903
"1022",1992
"1023",4167
"1024",8109
"1025",1716
"1026",5003
"1027",4626
"1028",746
"1029",323
"1030",4114
"1031",3583
"1032",2196
"1033",1145
"1034",8231
"1035",735
"1036",7185
"1037",6137
"1038",6931
"1039",3443
"1040",4938
"1041",1123
"1042",4290
"1043",4671
"1044",4233
"1045",3909
"1046",4040
"1047",4566
"1048",6528
"1049",2972
"1050",7200
"1051",467
"1052",6747
"1053",5693
"1054",464
"1055",7836
"1056",7967
"1057",4723
"1058",5577
"1059",1780
"1060",5481
"1061",1194
"1062",4207
"1063",845
"1064",49
"1065",5326
"1066",3607
"1067",779
"1068",4881
"1069",2864
"1070",3512
"1071",7069
"1072",6339
"1073",4025
"1074",1721
"1075",3368
"1076",6179
"1077",3603
"1078",3420
"1079",6804
"1080",6863
"1081",3994
"1082",1389
"1083",6587
"1084",7242
"1085",5091
"1086",6186
"1087",3303
"1088",5443
"1089",7312
"1090",5766
"1091",2649
"1092",5348
"1093",7006
"1094",3579
"1095",1587
"1096",6659
"1097",3772
"1098",3983
"1099",1012
"1100",740
"1101",6860
"1102",5638
"1103",5870
"1104",8098
"1105",7198
"1106",235
"1107",1856
"1108",299
"1109",2048
"1110",7346
"1111",7687
"1112",7736
"1113",4338
"1114",756
"1115",7622
"1116",5764
"1117",661
"1118",1926
"1119",5955
"1120",5859
"1121",4373
"1122",6202
"1123",7753
"1124",2285
"1125",5252
"1126",5079
"1127",1264
"1128",7509
"1129",1398
"1130",6459
"1131",6088
"1132",6400
"1133",805
"1134",1979
"1135",2952
"1136",412
"1137",2655
"1138",4557
"1139",1522
"1140",7351
"1141",7133
"1142",2789
"1143",3989
"1144",6304
"1145",1984
"1146",1292
"1147",3235
"1148",3101
"1149",76
"1150",4854
"1151",3370
"1152",4515
"1153",1617
"1154",3356
"1155",5350
"1156",7943
"1157",1072
"1158",218
"1159",1301
"1160",909
"1161",1251
"1162",5604
"1163",377
"1164",5969
"1165",1863
"1166",1451
"1167",3307
"1168",7965
"1169",5798
"1170",1743
"1171",6952
"1172",1477
"1173",242
"1174",4964
"1175",3006
"1176",581
"1177",2675
"1178",803
"1179",6244
"1180",3260
"1181",492
"1182",6912
"1183",1488
"1184",7676
"1185",2780
"1186",6152
"1187",4533
"1188",5579
"1189",6859
"1190",4826
"1191",1980
"1192",197
"1193",3025
"1194",8174
"1195",1143
"1196",2627
"1197",4298
"1198",6597
"1199",3465
"1200",4627
"1201",2678
"1202",1059
"1203",328
"1204",7970
"1205",5115
"1206",4295
"1207",2426
"1208",2966
"1209",1053
"1210",599
"1211",7406
"1212",6546
"1213",1259
"1214",3308
"1215",2633
"1216",1330
"1217",7994
"1218",2703
"1219",2659
"1220",5809
"1221",5092
"1222",7015
"1223",1504
"1224",35
"1225",2017
"1226",6363
"1227",4149
"1228",4805
"1229",855
"1230",6041
"1231",3127
"1232",8190
"1233",5963
"1234",5461
"1235",6131
"1236",3754
"1237",891
"1238",5318
"1239",3051
"1240",822
"1241",472
"1242",1676
"1243",6716
"1244",4052
"1245",5543
"1246",1437
"1247",253
"1248",6207
"1249",7278
"1250",7431
"1251",5445
"1252",4152
"1253",5448
"1254",2171
"1255",821
"1256",7873
"1257",848
"1258",7527
"1259",8102
"1260",8036
"1261",7407
"1262",4434
"1263",4303
"1264",7093
"1265",598
"1266",8237
"1267",470
"1268",643
"1269",1404
"1270",4624
"1271",2831
"1272",3737
"1273",3114
"1274",4485
"1275",931
"1276",5046
"1277",1752
"1278",2805
"1279",6220
"1280",6734
"1281",3789
"1282",532
"1283",215
"1284",5181
"1285",1424
"1286",5878
"1287",4165
"1288",2904
"1289",5897
"1290",698
"1291",441
"1292",1458
"1293",6691
"1294",1620
"1295",3074
"1296",701
"1297",4151
"1298",7719
"1299",676
"1300",2567
"1301",1741
"1302",6526
"1303",6762
"1304",3225
"1305",1912
"1306",2113
"1307",6071
"1308",3376
"1309",6206
"1310",5056
"1311",3312
"1312",6729
"1313",7602
"1314",7646
"1315",7847
"1316",361
"1317",5738
"1318",4808
"1319",1559
"1320",7226
"1321",4028
"1322",3182
"1323",1786
"1324",143
"1325",5257
"1326",1828
"1327",2794
"1328",772
"1329",7716
"1330",5941
"1331",2740
"1332",712
"1333",742
"1334",7825
"1335",7838
"1336",1631
"1337",668
"1338",1859
"1339",6421
"1340",4794
"1341",3073
"1342",2110
"1343",2379
"1344",1995
"1345",584
"1346",213
"1347",6050
"1348",2144
"1349",1117
"1350",4374
"1351",716
"1352",3286
"1353",2841
"1354",309
"1355",596
"1356",7442
"1357",2677
"1358",5655
"1359",672
"1360",2965
"1361",6412
"1362",444
"1363",5519
"1364",6750
"1365",7197
"1366",8067
"1367",1275
"1368",7945
"1369",2462
"1370",6573
"1371",6752
"1372",1641
"1373",5501
"1374",1922
"1375",3005
"1376",1310
"1377",4965
"1378",6541
"1379",3100
"1380",6215
"1381",7626
"1382",1260
"1383",2570
"1384",6740
"1385",7060
"1386",305
"1387",5081
"1388",5396
"1389",977
"1390",1366
"1391",2293
"1392",3568
"1393",2353
"1394",4959
"1395",4111
"1396",5308
"1397",3936
"1398",198
"1399",4299
"1400",3601
"1401",47
"1402",2327
"1403",607
"1404",6258
"1405",4344
"1406",1978
"1407",3819
"1408",6025
"1409",6123
"1410",3618
"1411",6466
"1412",5198
"1413",6064
"1414",5372
"1415",1019
"1416",1697
"1417",1217
"1418",2326
"1419",1593
"1420",7323
"1421",1997
"1422",6836
"1423",6407
"1424",7907
"1425",6694
"1426",4282
"1427",2996
"1428",8270
"1429",1796
"1430",6383
"1431",5137
"1432",5774
"1433",6142
"1434",6887
"1435",1612
"1436",7152
"1437",4655
"1438",4182
"1439",8022
"1440",1269
"1441",6237
"1442",794
"1443",4100
"1444",5694
"1445",7801
"1446",8244
"1447",1253
"1448",1777
"1449",1302
"1450",3504
"1451",4534
"1452",3317
"1453",6311
"1454",6718
"1455",6165
"1456",1788
"1457",5403
"1458",1985
"1459",2812
"1460",16
"1461",747
"1462",288
"1463",4289
"1464",895
"1465",3733
"1466",7878
"1467",400
"1468",4068
"1469",3229
"1470",3195
"1471",580
"1472",4657
"1473",4481
"1474",4672
"1475",7779
"1476",5984
"1477",2040
"1478",4908
"1479",7808
"1480",1936
"1481",5690
"1482",8241
"1483",171
"1484",3384
"1485",2825
"1486",2934
"1487",3223
"1488",1603
"1489",4619
"1490",8196
"1491",7489
"1492",2596
"1493",6296
"1494",6778
"1495",1611
"1496",2478
"1497",7750
"1498",4628
"1499",2811
"1500",1656
"1501",7498
"1502",1138
"1503",7124
"1504",5030
"1505",3945
"1506",2324
"1507",3400
"1508",7652
"1509",953
"1510",4005
"1511",420
"1512",4856
"1513",1422
"1514",1799
"1515",5275
"1516",3012
"1517",7116
"1518",945
"1519",2354
"1520",7686
"1521",7805
"1522",6972
"1523",457
"1524",4603
"1525",3906
"1526",7438
"1527",4258
"1528",6455
"1529",4857
"1530",5176
"1531",3454
"1532",1677
"1533",7232
"1534",7949
"1535",3597
"1536",3336
"1537",2586
"1538",2442
"1539",4232
"1540",7056
"1541",3689
"1542",1005
"1543",5384
"1544",7024
"1545",2357
"1546",6867
"1547",7948
"1548",6415
"1549",234
"1550",4112
"1551",2785
"1552",4846
"1553",729
"1554",2550
"1555",7963
"1556",6247
"1557",7613
"1558",1710
"1559",7806
"1560",6823
"1561",2878
"1562",7289
"1563",156
"1564",1383
"1565",1004
"1566",8079
"1567",7550
"1568",3024
"1569",3923
"1570",5665
"1571",6643
"1572",978
"1573",4901
"1574",3330
"1575",8257
"1576",1524
"1577",4008
"1578",2876
"1579",7588
"1580",4874
"1581",1650
"1582",979
"1583",3840
"1584",367
"1585",1951
"1586",2534
"1587",1827
"1588",2933
"1589",5965
"1590",4633
"1591",7281
"1592",7857
"1593",2394
"1594",5018
"1595",749
"1596",4195
"1597",627
"1598",5052
"1599",527
"1600",7272
"1601",6352
"1602",8052
"1603",5156
"1604",2492
"1605",7175
"1606",7953
"1607",4575
"1608",248
"1609",579
"1610",1831
"1611",6671
"1612",2208
"1613",7533
"1614",7925
"1615",1787
"1616",1988
"1617",2988
"1618",7735
"1619",3409
"1620",7586
"1621",4761
"1622",1961
"1623",4417
"1624",1466
"1625",387
"1626",3325
"1627",8110
"1628",1854
"1629",4284
"1630",1178
"1631",3963
"1632",301
"1633",6333
"1634",641
"1635",6858
"1636",3301
"1637",8225
"1638",5977
"1639",4592
"1640",3449
"1641",560
"1642",5119
"1643",2814
"1644",7959
"1645",3132
"1646",4445
"1647",229
"1648",2536
"1649",974
"1650",4032
"1651",3075
"1652",5564
"1653",1870
"1654",1295
"1655",191
"1656",1157
"1657",2666
"1658",658
"1659",1069
"1660",2553
"1661",199
"1662",1747
"1663",2603
"1664",1655
"1665",153
"1666",4851
"1667",8074
"1668",5711
"1669",3217
"1670",2500
"1671",8117
"1672",1444
"1673",926
"1674",8005
"1675",3848
"1676",4866
"1677",1421
"1678",5284
"1679",2759
"1680",4738
"1681",3041
"1682",1794
"1683",2429
"1684",2643
"1685",4645
"1686",5356
"1687",6568
"1688",4835
"1689",1528
"1690",1084
"1691",286
"1692",7824
"1693",3124
"1694",7877
"1695",597
"1696",4775
"1697",4433
"1698",2164
"1699",2042
"1700",1357
"1701",4706
"1702",5822
"1703",5966
"1704",2886
"1705",7596
"1706",4971
"1707",3517
"1708",1885
"1709",1572
"1710",6776
"1711",174
"1712",3208
"1713",6871
"1714",681
"1715",390
"1716",3865
"1717",151
"1718",5990
"1719",291
"1720",4505
"1721",1515
"1722",2311
"1723",1513
"1724",5159
"1725",3771
"1726",4461
"1727",3266
"1728",3076
"1729",446
"1730",5517
"1731",2652
"1732",13
"1733",2078
"1734",5157
"1735",4658
"1736",6524
"1737",2624
"1738",4349
"1739",6865
"1740",7375
"1741",7343
"1742",6172
"1743",1994
"1744",652
"1745",2253
"1746",2185
"1747",5624
"1748",7721
"1749",273
"1750",7437
"1751",5670
"1752",3810
"1753",6337
"1754",7910
"1755",6140
"1756",236
"1757",280
"1758",7604
"1759",4756
"1760",4088
"1761",1447
"1762",1822
"1763",381
"1764",3165
"1765",2681
"1766",6043
"1767",5952
"1768",1080
"1769",2577
"1770",6509
"1771",2872
"1772",2580
"1773",5379
"1774",7833
"1775",4716
"1776",1589
"1777",7684
"1778",6849
"1779",614
"1780",6551
"1781",3360
"1782",2433
"1783",7966
"1784",2219
"1785",3749
"1786",6664
"1787",7810
"1788",4569
"1789",933
"1790",1663
"1791",3448
"1792",4728
"1793",5272
"1794",7975
"1795",6275
"1796",6879
"1797",843
"1798",5830
"1799",1812
"1800",5328
"1801",8250
"1802",4545
"1803",5236
"1804",3665
"1805",3902
"1806",1932
"1807",1024
"1808",5473
"1809",3969
"1810",4127
"1811",4981
"1812",8210
"1813",7280
"1814",4883
"1815",5767
"1816",6915
"1817",1968
"1818",2064
"1819",664
"1820",6818
"1821",7450
"1822",2070
"1823",3089
"1824",1106
"1825",4174
"1826",4059
"1827",6806
"1828",4904
"1829",4383
"1830",19
"1831",3027
"1832",7126
"1833",7916
"1834",385
"1835",918
"1836",2969
"1837",5967
"1838",1273
"1839",6300
"1840",6287
"1841",8153
"1842",952
"1843",3774
"1844",4824
"1845",7715
"1846",7853
"1847",4762
"1848",5424
"1849",438
"1850",4522
"1851",6636
"1852",1133
"1853",5310
"1854",7655
"1855",2765
"1856",7984
"1857",6993
"1858",8034
"1859",61
"1860",4288
"1861",1563
"1862",5890
"1863",5900
"1864",1759
"1865",7046
"1866",5237
"1867",7106
"1868",7440
"1869",159
"1870",4132
"1871",3156
"1872",7065
"1873",1884
"1874",1975
"1875",7193
"1876",6037
"1877",207
"1878",429
"1879",4595
"1880",5080
"1881",5021
"1882",4573
"1883",468
"1884",3064
"1885",1512
"1886",6413
"1887",6132
"1888",2747
"1889",2590
"1890",7930
"1891",5915
"1892",3049
"1893",3137
"1894",4860
"1895",8253
"1896",249
"1897",7383
"1898",6004
"1899",7439
"1900",4154
"1901",2510
"1902",208
"1903",491
"1904",3704
"1905",67
"1906",7454
"1907",4490
"1908",6133
"1909",489
"1910",1399
"1911",2818
"1912",1067
"1913",7317
"1914",6325
"1915",6328
"1916",6739
"1917",2338
"1918",1505
"1919",7521
"1920",6852
"1921",1774
"1922",1814
"1923",8047
"1924",3426
"1925",5643
"1926",1186
"1927",2653
"1928",5202
"1929",4396
"1930",1209
"1931",7405
"1932",5190
"1933",1265
"1934",5986
"1935",3013
"1936",2366
"1937",8033
"1938",255
"1939",3671
"1940",3261
"1941",6214
"1942",2889
"1943",760
"1944",202
"1945",4158
"1946",8131
"1947",6725
"1948",590
"1949",4200
"1950",4196
"1951",2175
"1952",4336
"1953",1146
"1954",5099
"1955",6895
"1956",521
"1957",623
"1958",6814
"1959",6438
"1960",7291
"1961",5192
"1962",3155
"1963",1184
"1964",7451
"1965",4763
"1966",1713
"1967",1001
"1968",4630
"1969",4235
"1970",5540
"1971",4296
"1972",2955
"1973",3985
"1974",7765
"1975",7784
"1976",97
"1977",237
"1978",937
"1979",2309
"1980",4325
"1981",1062
"1982",2686
"1983",2173
"1984",5637
"1985",2169
"1986",1497
"1987",7729
"1988",2093
"1989",6965
"1990",1940
"1991",6650
"1992",4482
"1993",1003
"1994",7577
"1995",5891
"1996",4683
"1997",3030
"1998",4777
"1999",5068
"2000",6754
"2001",5691
"2002",955
"2003",7657
"2004",5241
"2005",7791
"2006",3842
"2007",6464
"2008",8120
"2009",7218
"2010",3576
"2011",6938
"2012",3095
"2013",2925
"2014",1025
"2015",5293
"2016",8101
"2017",3625
"2018",5534
"2019",4162
"2020",3584
"2021",5196
"2022",6833
"2023",506
"2024",3038
"2025",4024
"2026",7310
"2027",2274
"2028",4516
"2029",6661
"2030",6213
"2031",5689
"2032",3036
"2033",4542
"2034",2399
"2035",4778
"2036",3290
"2037",4185
"2038",1907
"2039",5017
"2040",7334
"2041",8240
"2042",4180
"2043",1036
"2044",7751
"2045",2745
"2046",7826
"2047",4011
"2048",6196
"2049",7609
"2050",3257
"2051",697
"2052",1817
"2053",1354
"2054",5105
"2055",4765
"2056",6430
"2057",7246
"2058",8228
"2059",4310
"2060",6633
"2061",7517
"2062",6232
"2063",405
"2064",5752
"2065",5747
"2066",1729
"2067",731
"2068",5978
"2069",3957
"2070",5617
"2071",7496
"2072",3794
"2073",7342
"2074",261
"2075",4583
"2076",4227
"2077",2938
"2078",3959
"2079",7089
"2080",3967
"2081",6663
"2082",3206
"2083",6361
"2084",6709
"2085",5616
"2086",465
"2087",8274
"2088",7638
"2089",4923
"2090",4537
"2091",7270
"2092",907
"2093",3670
"2094",7163
"2095",214
"2096",2915
"2097",1164
"2098",1234
"2099",3567
"2100",2705
"2101",1939
"2102",5930
"2103",4802
"2104",7473
"2105",1996
"2106",2035
"2107",1607
"2108",4093
"2109",6764
"2110",685
"2111",6155
"2112",4597
"2113",721
"2114",3944
"2115",1402
"2116",3556
"2117",4618
"2118",569
"2119",74
"2120",1020
"2121",6208
"2122",7132
"2123",2547
"2124",2033
"2125",5599
"2126",3801
"2127",3280
"2128",7221
"2129",5712
"2130",917
"2131",7503
"2132",2566
"2133",1254
"2134",1085
"2135",3804
"2136",1211
"2137",3045
"2138",1125
"2139",820
"2140",3507
"2141",1348
"2142",73
"2143",388
"2144",4407
"2145",5578
"2146",6344
"2147",3881
"2148",886
"2149",5108
"2150",2504
"2151",549
"2152",5796
"2153",5698
"2154",7266
"2155",6350
"2156",6945
"2157",2664
"2158",5779
"2159",1280
"2160",1082
"2161",4355
"2162",3728
"2163",1391
"2164",5846
"2165",5816
"2166",813
"2167",4503
"2168",7220
"2169",5149
"2170",1462
"2171",5383
"2172",3440
"2173",6511
"2174",4470
"2175",5204
"2176",2056
"2177",7134
"2178",3018
"2179",6303
"2180",6068
"2181",2491
"2182",1784
"2183",4147
"2184",4039
"2185",5341
"2186",1795
"2187",1090
"2188",1548
"2189",7016
"2190",902
"2191",2372
"2192",2358
"2193",5823
"2194",4593
"2195",834
"2196",3306
"2197",3380
"2198",4277
"2199",2118
"2200",357
"2201",5854
"2202",3610
"2203",2391
"2204",155
"2205",6458
"2206",4240
"2207",5215
"2208",7474
"2209",1456
"2210",2557
"2211",1443
"2212",448
"2213",5931
"2214",8041
"2215",5590
"2216",1108
"2217",7031
"2218",6515
"2219",2604
"2220",5405
"2221",4988
"2222",912
"2223",7172
"2224",8133
"2225",7547
"2226",2821
"2227",6061
"2228",7344
"2229",5625
"2230",1268
"2231",7748
"2232",2694
"2233",4254
"2234",3250
"2235",2520
"2236",5894
"2237",679
"2238",5746
"2239",7441
"2240",6562
"2241",1554
"2242",180
"2243",7423
"2244",2424
"2245",7171
"2246",5343
"2247",6307
"2248",7955
"2249",4214
"2250",5260
"2251",710
"2252",2097
"2253",7922
"2254",1846
"2255",4590
"2256",2068
"2257",6891
"2258",7843
"2259",1139
"2260",1637
"2261",4270
"2262",2409
"2263",674
"2264",2044
"2265",2692
"2266",558
"2267",3112
"2268",5355
"2269",7327
"2270",4727
"2271",3770
"2272",922
"2273",4004
"2274",4849
"2275",1446
"2276",2
"2277",5708
"2278",4968
"2279",2398
"2280",7817
"2281",246
"2282",3600
"2283",136
"2284",5988
"2285",7768
"2286",4659
"2287",553
"2288",6732
"2289",2387
"2290",7780
"2291",1954
"2292",2950
"2293",8045
"2294",3338
"2295",7139
"2296",6136
"2297",8266
"2298",8050
"2299",2487
"2300",182
"2301",7812
"2302",2689
"2303",5974
"2304",2297
"2305",5889
"2306",6465
"2307",5832
"2308",7259
"2309",1599
"2310",5451
"2311",3194
"2312",732
"2313",4810
"2314",2823
"2315",6672
"2316",1534
"2317",5283
"2318",27
"2319",2562
"2320",1293
"2321",722
"2322",6129
"2323",5440
"2324",7700
"2325",5162
"2326",7395
"2327",6429
"2328",7286
"2329",5697
"2330",993
"2331",140
"2332",4161
"2333",1199
"2334",5100
"2335",6970
"2336",1588
"2337",780
"2338",6581
"2339",7514
"2340",4361
"2341",5247
"2342",1778
"2343",3377
"2344",7308
"2345",2011
"2346",106
"2347",2187
"2348",8143
"2349",7568
"2350",5942
"2351",3890
"2352",346
"2353",7325
"2354",6201
"2355",1519
"2356",6735
"2357",186
"2358",7897
"2359",281
"2360",5059
"2361",240
"2362",4577
"2363",1414
"2364",4875
"2365",7774
"2366",1498
"2367",4015
"2368",6031
"2369",3679
"2370",1953
"2371",3581
"2372",5607
"2373",2514
"2374",8008
"2375",6060
"2376",5748
"2377",2074
"2378",5883
"2379",203
"2380",5559
"2381",6007
"2382",2832
"2383",1114
"2384",1332
"2385",4760
"2386",7552
"2387",5353
"2388",3721
"2389",5688
"2390",4833
"2391",3309
"2392",1220
"2393",392
"2394",7917
"2395",2139
"2396",6963
"2397",1227
"2398",1390
"2399",3130
"2400",2601
"2401",3807
"2402",505
"2403",6693
"2404",2350
"2405",1203
"2406",6239
"2407",7159
"2408",7635
"2409",3738
"2410",3505
"2411",7640
"2412",4731
"2413",8164
"2414",63
"2415",6525
"2416",7444
"2417",4001
"2418",1395
"2419",7391
"2420",3761
"2421",4191
"2422",1681
"2423",436
"2424",5476
"2425",397
"2426",7632
"2427",543
"2428",428
"2429",1919
"2430",7481
"2431",2863
"2432",6163
"2433",4410
"2434",7998
"2435",3676
"2436",3430
"2437",376
"2438",612
"2439",6185
"2440",2670
"2441",1623
"2442",5865
"2443",6342
"2444",5189
"2445",3323
"2446",8233
"2447",5420
"2448",3057
"2449",7424
"2450",3070
"2451",8026
"2452",6678
"2453",2376
"2454",6359
"2455",5294
"2456",164
"2457",1818
"2458",3162
"2459",6078
"2460",2820
"2461",5060
"2462",1543
"2463",7537
"2464",6444
"2465",1407
"2466",6741
"2467",2431
"2468",5852
"2469",7484
"2470",3354
"2471",1362
"2472",2622
"2473",2163
"2474",2471
"2475",6556
"2476",8134
"2477",2051
"2478",738
"2479",767
"2480",1804
"2481",5362
"2482",4113
"2483",6200
"2484",2275
"2485",8212
"2486",6291
"2487",7157
"2488",4563
"2489",5841
"2490",4031
"2491",7658
"2492",2125
"2493",5173
"2494",1734
"2495",2037
"2496",2490
"2497",62
"2498",8080
"2499",1000
"2500",8216
"2501",4955
"2502",4192
"2503",2810
"2504",3723
"2505",289
"2506",6688
"2507",7009
"2508",3464
"2509",3289
"2510",293
"2511",7184
"2512",10
"2513",8180
"2514",7702
"2515",6349
"2516",632
"2517",947
"2518",6079
"2519",4466
"2520",183
"2521",2488
"2522",210
"2523",6990
"2524",2515
"2525",1660
"2526",3484
"2527",4067
"2528",5248
"2529",5922
"2530",2778
"2531",3146
"2532",4168
"2533",6637
"2534",315
"2535",4169
"2536",4390
"2537",2661
"2538",2030
"2539",4916
"2540",7849
"2541",3621
"2542",7605
"2543",1119
"2544",3211
"2545",1142
"2546",90
"2547",7912
"2548",5759
"2549",3159
"2550",3932
"2551",3878
"2552",3305
"2553",3619
"2554",2787
"2555",5886
"2556",1102
"2557",7360
"2558",1669
"2559",1544
"2560",2637
"2561",482
"2562",2153
"2563",6727
"2564",1874
"2565",5776
"2566",4286
"2567",1480
"2568",7332
"2569",5565
"2570",122
"2571",7213
"2572",5838
"2573",307
"2574",7268
"2575",95
"2576",4095
"2577",6956
"2578",3781
"2579",3247
"2580",5686
"2581",4411
"2582",6700
"2583",7384
"2584",6211
"2585",6799
"2586",7558
"2587",2216
"2588",851
"2589",7409
"2590",4570
"2591",5199
"2592",1902
"2593",2615
"2594",6838
"2595",107
"2596",3903
"2597",5289
"2598",4994
"2599",3366
"2600",1495
"2601",2316
"2602",8206
"2603",8125
"2604",1135
"2605",5957
"2606",7811
"2607",949
"2608",5737
"2609",7620
"2610",6918
"2611",3109
"2612",1129
"2613",562
"2614",8132
"2615",5083
"2616",5898
"2617",7070
"2618",1078
"2619",5793
"2620",7663
"2621",4320
"2622",544
"2623",906
"2624",5314
"2625",4576
"2626",5064
"2627",2917
"2628",2699
"2629",4979
"2630",4771
"2631",1934
"2632",2777
"2633",2026
"2634",6245
"2635",4328
"2636",5958
"2637",2439
"2638",7256
"2639",230
"2640",6746
"2641",2735
"2642",7058
"2643",1459
"2644",638
"2645",347
"2646",5953
"2647",4226
"2648",3490
"2649",6319
"2650",7364
"2651",284
"2652",1299
"2653",7518
"2654",8230
"2655",1467
"2656",4283
"2657",529
"2658",302
"2659",6899
"2660",7462
"2661",1463
"2662",630
"2663",382
"2664",6667
"2665",4948
"2666",3683
"2667",8013
"2668",3104
"2669",6377
"2670",7250
"2671",1987
"2672",2847
"2673",4317
"2674",3894
"2675",1416
"2676",1140
"2677",4159
"2678",278
"2679",3617
"2680",2648
"2681",7147
"2682",2532
"2683",3344
"2684",3841
"2685",8147
"2686",2428
"2687",7781
"2688",3935
"2689",1263
"2690",2019
"2691",7595
"2692",1418
"2693",7996
"2694",407
"2695",7095
"2696",1050
"2697",5821
"2698",7488
"2699",6510
"2700",5229
"2701",6521
"2702",2626
"2703",984
"2704",5118
"2705",4450
"2706",148
"2707",6228
"2708",7125
"2709",802
"2710",2138
"2711",2420
"2712",4367
"2713",1448
"2714",2970
"2715",5549
"2716",451
"2717",7648
"2718",3833
"2719",2498
"2720",6014
"2721",3980
"2722",1047
"2723",7680
"2724",5365
"2725",2237
"2726",4378
"2727",4496
"2728",5311
"2729",2386
"2730",1250
"2731",7694
"2732",4639
"2733",3645
"2734",6284
"2735",2942
"2736",6395
"2737",5286
"2738",3240
"2739",3867
"2740",2234
"2741",2630
"2742",7487
"2743",864
"2744",3837
"2745",1750
"2746",424
"2747",3221
"2748",4800
"2749",110
"2750",8151
"2751",3402
"2752",5299
"2753",1943
"2754",6452
"2755",564
"2756",1347
"2757",7543
"2758",3181
"2759",5042
"2760",1999
"2761",2287
"2762",4934
"2763",5973
"2764",3729
"2765",2724
"2766",6401
"2767",7366
"2768",3545
"2769",3399
"2770",5029
"2771",1100
"2772",1735
"2773",6419
"2774",736
"2775",7050
"2776",8072
"2777",6265
"2778",4140
"2779",1249
"2780",8267
"2781",765
"2782",5205
"2783",3541
"2784",2728
"2785",5632
"2786",406
"2787",4986
"2788",1862
"2789",3193
"2790",1242
"2791",7284
"2792",7952
"2793",7329
"2794",1341
"2795",3673
"2796",4263
"2797",5997
"2798",3660
"2799",3232
"2800",6886
"2801",7227
"2802",1644
"2803",7229
"2804",3577
"2805",8175
"2806",3651
"2807",2482
"2808",4873
"2809",352
"2810",7867
"2811",1745
"2812",8085
"2813",1781
"2814",5093
"2815",6560
"2816",17
"2817",2058
"2818",4403
"2819",3805
"2820",1739
"2821",4206
"2822",6882
"2823",145
"2824",1550
"2825",2114
"2826",8030
"2827",1591
"2828",2005
"2829",4073
"2830",6020
"2831",6081
"2832",1666
"2833",5659
"2834",5025
"2835",3496
"2836",1484
"2837",6539
"2838",4335
"2839",4559
"2840",2183
"2841",2576
"2842",1155
"2843",3986
"2844",5132
"2845",2443
"2846",2190
"2847",859
"2848",6009
"2849",3851
"2850",7114
"2851",8127
"2852",2757
"2853",1792
"2854",1850
"2855",6775
"2856",7300
"2857",6538
"2858",5446
"2859",2265
"2860",6794
"2861",5783
"2862",3108
"2863",6089
"2864",7231
"2865",1882
"2866",577
"2867",4815
"2868",4276
"2869",5671
"2870",6462
"2871",3521
"2872",939
"2873",2537
"2874",836
"2875",2756
"2876",7675
"2877",4990
"2878",4398
"2879",1621
"2880",1933
"2881",4749
"2882",699
"2883",12
"2884",3453
"2885",3427
"2886",4933
"2887",4467
"2888",987
"2889",619
"2890",4914
"2891",799
"2892",4257
"2893",2608
"2894",8123
"2895",3405
"2896",5302
"2897",3939
"2898",3948
"2899",852
"2900",2763
"2901",4402
"2902",7886
"2903",1569
"2904",5123
"2905",8062
"2906",1580
"2907",6016
"2908",3591
"2909",6844
"2910",5618
"2911",4099
"2912",4347
"2913",2706
"2914",2210
"2915",5685
"2916",1241
"2917",339
"2918",6575
"2919",5074
"2920",4
"2921",7287
"2922",7978
"2923",7565
"2924",6285
"2925",4553
"2926",3647
"2927",4494
"2928",2141
"2929",3022
"2930",5242
"2931",7993
"2932",3016
"2933",5741
"2934",3629
"2935",2380
"2936",4311
"2937",6508
"2938",4891
"2939",430
"2940",8243
"2941",2400
"2942",64
"2943",5172
"2944",2046
"2945",3098
"2946",7954
"2947",5385
"2948",5937
"2949",431
"2950",2363
"2951",5112
"2952",6370
"2953",5048
"2954",4486
"2955",3811
"2956",6786
"2957",1426
"2958",1925
"2959",5696
"2960",7062
"2961",5312
"2962",4189
"2963",3834
"2964",609
"2965",7992
"2966",5104
"2967",7797
"2968",8018
"2969",551
"2970",42
"2971",7607
"2972",3589
"2973",2951
"2974",6590
"2975",1690
"2976",5511
"2977",7513
"2978",7234
"2979",7140
"2980",2186
"2981",6107
"2982",4013
"2983",37
"2984",7402
"2985",7905
"2986",401
"2987",944
"2988",4695
"2989",3743
"2990",2104
"2991",3759
"2992",2571
"2993",7476
"2994",1
"2995",6451
"2996",3452
"2997",1192
"2998",104
"2999",2885
"3000",4491
"3001",6231
"3002",6987
"3003",4419
"3004",5867
"3005",2207
"3006",3982
"3007",1009
"3008",7080
"3009",6722
"3010",5531
"3011",5681
"3012",3345
"3013",1183
"3014",7236
"3015",2774
"3016",2891
"3017",5692
"3018",1610
"3019",163
"3020",2073
"3021",2438
"3022",801
"3023",1352
"3024",1820
"3025",4535
"3026",5521
"3027",6018
"3028",6928
"3029",5788
"3030",1308
"3031",5884
"3032",7047
"3033",3827
"3034",7601
"3035",1374
"3036",7928
"3037",5160
"3038",8094
"3039",2845
"3040",5151
"3041",4249
"3042",7846
"3043",1703
"3044",8242
"3045",4601
"3046",3627
"3047",1432
"3048",6935
"3049",1648
"3050",5057
"3051",531
"3052",737
"3053",178
"3054",5450
"3055",1898
"3056",7446
"3057",840
"3058",5814
"3059",6932
"3060",6761
"3061",6162
"3062",2410
"3063",2205
"3064",4733
"3065",1277
"3066",2321
"3067",5547
"3068",1215
"3069",7553
"3070",5640
"3071",1606
"3072",5185
"3073",56
"3074",4385
"3075",6628
"3076",4525
"3077",1401
"3078",2102
"3079",4803
"3080",7117
"3081",4260
"3082",7145
"3083",5806
"3084",6997
"3085",7463
"3086",481
"3087",5568
"3088",1160
"3089",6174
"3090",8000
"3091",3736
"3092",795
"3093",5598
"3094",3970
"3095",3699
"3096",2521
"3097",2000
"3098",2790
"3099",2036
"3100",3226
"3101",7856
"3102",4500
"3103",2018
"3104",6433
"3105",5219
"3106",4888
"3107",6197
"3108",2192
"3109",6160
"3110",5035
"3111",973
"3112",3081
"3113",7678
"3114",7881
"3115",425
"3116",4217
"3117",1040
"3118",6332
"3119",2999
"3120",77
"3121",7792
"3122",994
"3123",4078
"3124",7671
"3125",4620
"3126",7717
"3127",6698
"3128",7726
"3129",4153
"3130",719
"3131",703
"3132",1371
"3133",3557
"3134",1938
"3135",7933
"3136",6246
"3137",7961
"3138",2349
"3139",2511
"3140",4698
"3141",1516
"3142",1715
"3143",3555
"3144",5827
"3145",6680
"3146",8139
"3147",212
"3148",1065
"3149",8140
"3150",8184
"3151",4721
"3152",3228
"3153",478
"3154",3462
"3155",4623
"3156",5905
"3157",865
"3158",5743
"3159",1782
"3160",4370
"3161",7295
"3162",7932
"3163",3997
"3164",6547
"3165",3113
"3166",4483
"3167",6988
"3168",4652
"3169",6712
"3170",5858
"3171",4208
"3172",6000
"3173",7858
"3174",383
"3175",6713
"3176",5023
"3177",4814
"3178",5303
"3179",7017
"3180",5276
"3181",7263
"3182",1720
"3183",4766
"3184",2383
"3185",3371
"3186",4702
"3187",226
"3188",3572
"3189",2099
"3190",7129
"3191",5848
"3192",3929
"3193",8261
"3194",8003
"3195",1060
"3196",80
"3197",809
"3198",7426
"3199",6909
"3200",2619
"3201",7319
"3202",3615
"3203",480
"3204",2935
"3205",5959
"3206",7416
"3207",7864
"3208",3996
"3209",812
"3210",1256
"3211",7443
"3212",6592
"3213",7357
"3214",4752
"3215",7110
"3216",5166
"3217",2712
"3218",7012
"3219",1517
"3220",7445
"3221",5554
"3222",1770
"3223",2725
"3224",4784
"3225",1175
"3226",1678
"3227",6432
"3228",3877
"3229",1489
"3230",6070
"3231",4758
"3232",6856
"3233",7237
"3234",403
"3235",782
"3236",6638
"3237",5717
"3238",7494
"3239",2554
"3240",4796
"3241",460
"3242",1338
"3243",5179
"3244",7113
"3245",1973
"3246",870
"3247",2801
"3248",881
"3249",3084
"3250",6916
"3251",6027
"3252",2077
"3253",1221
"3254",4036
"3255",6631
"3256",5437
"3257",3977
"3258",3639
"3259",5516
"3260",6380
"3261",4629
"3262",4770
"3263",1331
"3264",3382
"3265",3487
"3266",4793
"3267",5361
"3268",4222
"3269",5926
"3270",1031
"3271",2197
"3272",7307
"3273",5749
"3274",875
"3275",2147
"3276",2422
"3277",3185
"3278",2395
"3279",4615
"3280",1454
"3281",7066
"3282",4267
"3283",83
"3284",5663
"3285",1647
"3286",1844
"3287",6949
"3288",8066
"3289",355
"3290",3707
"3291",7064
"3292",7788
"3293",5234
"3294",8141
"3295",3140
"3296",606
"3297",4676
"3298",2620
"3299",2444
"3300",4795
"3301",6378
"3302",3727
"3303",7253
"3304",3214
"3305",66
"3306",7546
"3307",1214
"3308",3482
"3309",86
"3310",4839
"3311",5429
"3312",2255
"3313",509
"3314",2278
"3315",7733
"3316",645
"3317",4069
"3318",6622
"3319",1950
"3320",4313
"3321",5943
"3322",7131
"3323",5705
"3324",4554
"3325",651
"3326",5876
"3327",4266
"3328",5472
"3329",7698
"3330",7882
"3331",5117
"3332",2226
"3333",1989
"3334",1693
"3335",4564
"3336",7330
"3337",2578
"3338",2082
"3339",8042
"3340",6369
"3341",888
"3342",7822
"3343",5442
"3344",6611
"3345",454
"3346",2844
"3347",6540
"3348",7830
"3349",2178
"3350",2165
"3351",3879
"3352",365
"3353",6442
"3354",5601
"3355",2361
"3356",7179
"3357",5603
"3358",3686
"3359",2528
"3360",2489
"3361",271
"3362",6316
"3363",4348
"3364",2464
"3365",5636
"3366",5184
"3367",6277
"3368",3365
"3369",81
"3370",6548
"3371",3953
"3372",2159
"3373",6782
"3374",744
"3375",1851
"3376",225
"3377",5344
"3378",5730
"3379",7377
"3380",3355
"3381",2598
"3382",7142
"3383",6391
"3384",940
"3385",2090
"3386",3119
"3387",3612
"3388",2263
"3389",8010
"3390",983
"3391",2861
"3392",634
"3393",1144
"3394",6872
"3395",399
"3396",1409
"3397",1728
"3398",2614
"3399",1297
"3400",8232
"3401",6387
"3402",4960
"3403",2982
"3404",2268
"3405",5754
"3406",6153
"3407",5509
"3408",5744
"3409",3958
"3410",7482
"3411",5432
"3412",8224
"3413",5782
"3414",5530
"3415",6768
"3416",3494
"3417",1578
"3418",487
"3419",6187
"3420",2009
"3421",657
"3422",950
"3423",3348
"3424",5526
"3425",2347
"3426",2607
"3427",8234
"3428",863
"3429",2123
"3430",5261
"3431",3755
"3432",714
"3433",4265
"3434",7115
"3435",879
"3436",2430
"3437",6065
"3438",4710
"3439",7958
"3440",2407
"3441",4667
"3442",6655
"3443",5761
"3444",6066
"3445",6463
"3446",2291
"3447",501
"3448",1625
"3449",1525
"3450",1881
"3451",8069
"3452",2848
"3453",5322
"3454",1081
"3455",5669
"3456",7039
"3457",4424
"3458",2351
"3459",1044
"3460",7997
"3461",853
"3462",5987
"3463",6941
"3464",6593
"3465",2364
"3466",7759
"3467",6527
"3468",1941
"3469",3031
"3470",316
"3471",6046
"3472",85
"3473",2236
"3474",7603
"3475",2772
"3476",2258
"3477",7593
"3478",2243
"3479",5431
"3480",7432
"3481",6889
"3482",6026
"3483",5399
"3484",6850
"3485",8029
"3486",1558
"3487",5246
"3488",4444
"3489",3471
"3490",3593
"3491",2690
"3492",1287
"3493",4459
"3494",263
"3495",6195
"3496",2308
"3497",2920
"3498",185
"3499",3164
"3500",7999
"3501",3435
"3502",5866
"3503",3535
"3504",6
"3505",4304
"3506",7188
"3507",6425
"3508",5995
"3509",8009
"3510",2859
"3511",8090
"3512",6624
"3513",5544
"3514",7906
"3515",6975
"3516",57
"3517",4256
"3518",7832
"3519",7549
"3520",7170
"3521",1384
"3522",7979
"3523",1115
"3524",1170
"3525",1212
"3526",2334
"3527",3120
"3528",2973
"3529",5856
"3530",3259
"3531",4880
"3532",929
"3533",7264
"3534",4678
"3535",332
"3536",2556
"3537",1983
"3538",6755
"3539",1916
"3540",3363
"3541",3340
"3542",8032
"3543",3026
"3544",228
"3545",1311
"3546",4064
"3547",5381
"3548",6038
"3549",4177
"3550",7741
"3551",6184
"3552",3178
"3553",6621
"3554",1657
"3555",6756
"3556",1068
"3557",1131
"3558",6767
"3559",2016
"3560",5043
"3561",1230
"3562",5703
"3563",3364
"3564",3693
"3565",2043
"3566",898
"3567",846
"3568",2224
"3569",5872
"3570",6576
"3571",6449
"3572",416
"3573",6002
"3574",4117
"3575",4961
"3576",3968
"3577",2551
"3578",4415
"3579",46
"3580",8111
"3581",3418
"3582",4574
"3583",3973
"3584",2365
"3585",3212
"3586",4707
"3587",4745
"3588",5319
"3589",522
"3590",2806
"3591",4273
"3592",2564
"3593",763
"3594",4423
"3595",4136
"3596",3429
"3597",3782
"3598",5066
"3599",6815
"3600",2530
"3601",6763
"3602",2669
"3603",741
"3604",7939
"3605",4582
"3606",5653
"3607",3695
"3608",2711
"3609",4616
"3610",8161
"3611",1270
"3612",2299
"3613",3277
"3614",6772
"3615",4181
"3616",7764
"3617",1087
"3618",4976
"3619",655
"3620",1204
"3621",2916
"3622",8108
"3623",7387
"3624",4651
"3625",6001
"3626",3401
"3627",4326
"3628",841
"3629",6324
"3630",1266
"3631",3239
"3632",618
"3633",6936
"3634",6109
"3635",2050
"3636",626
"3637",7154
"3638",7776
"3639",6249
"3640",3231
"3641",2617
"3642",6998
"3643",654
"3644",2303
"3645",3205
"3646",7030
"3647",7631
"3648",5851
"3649",91
"3650",5993
"3651",2155
"3652",4613
"3653",216
"3654",6977
"3655",958
"3656",3091
"3657",4820
"3658",3942
"3659",6708
"3660",1132
"3661",6885
"3662",6223
"3663",2314
"3664",6505
"3665",7372
"3666",3271
"3667",7567
"3668",2542
"3669",2075
"3670",1969
"3671",2773
"3672",5209
"3673",2432
"3674",6146
"3675",2701
"3676",2460
"3677",1638
"3678",6615
"3679",7957
"3680",7261
"3681",7770
"3682",353
"3683",3614
"3684",5910
"3685",5581
"3686",334
"3687",1976
"3688",6491
"3689",1502
"3690",2940
"3691",2782
"3692",3189
"3693",6652
"3694",8171
"3695",7708
"3696",3147
"3697",1136
"3698",8070
"3699",1222
"3700",1841
"3701",3606
"3702",5567
"3703",3732
"3704",4033
"3705",7563
"3706",1058
"3707",3975
"3708",6566
"3709",4285
"3710",6513
"3711",4431
"3712",2417
"3713",2786
"3714",1472
"3715",4513
"3716",6702
"3717",7436
"3718",2531
"3719",1630
"3720",916
"3721",8260
"3722",6168
"3723",7490
"3724",7303
"3725",4238
"3726",4530
"3727",2062
"3728",2958
"3729",7241
"3730",2472
"3731",8236
"3732",3341
"3733",777
"3734",340
"3735",6106
"3736",5740
"3737",7885
"3738",4446
"3739",1891
"3740",3200
"3741",3526
"3742",1350
"3743",5882
"3744",3509
"3745",8025
"3746",4834
"3747",666
"3748",5529
"3749",1998
"3750",810
"3751",6105
"3752",3718
"3753",5989
"3754",8083
"3755",5106
"3756",7002
"3757",4309
"3758",5258
"3759",3188
"3760",5575
"3761",4145
"3762",1109
"3763",2382
"3764",3131
"3765",2944
"3766",1188
"3767",7786
"3768",2954
"3769",4609
"3770",2416
"3771",495
"3772",4176
"3773",2679
"3774",7136
"3775",8017
"3776",4280
"3777",6817
"3778",3569
"3779",1659
"3780",300
"3781",5849
"3782",5391
"3783",3981
"3784",1327
"3785",1392
"3786",7760
"3787",3750
"3788",7727
"3789",6947
"3790",2419
"3791",7167
"3792",7803
"3793",6960
"3794",4785
"3795",796
"3796",5263
"3797",3711
"3798",555
"3799",7282
"3800",6589
"3801",943
"3802",1002
"3803",2225
"3804",3414
"3805",6188
"3806",6205
"3807",957
"3808",8221
"3809",2697
"3810",878
"3811",2592
"3812",1237
"3813",1917
"3814",6830
"3815",1673
"3816",6585
"3817",517
"3818",705
"3819",5457
"3820",1397
"3821",6626
"3822",3548
"3823",2628
"3824",6469
"3825",3596
"3826",5811
"3827",4801
"3828",3525
"3829",7135
"3830",6209
"3831",6175
"3832",4653
"3833",2397
"3834",1858
"3835",2977
"3836",247
"3837",1272
"3838",890
"3839",5494
"3840",3103
"3841",9
"3842",3832
"3843",6399
"3844",4274
"3845",1634
"3846",6428
"3847",6127
"3848",394
"3849",1340
"3850",4870
"3851",924
"3852",4322
"3853",3999
"3854",5936
"3855",4456
"3856",3747
"3857",2295
"3858",5641
"3859",4753
"3860",3954
"3861",7859
"3862",5401
"3863",6371
"3864",5660
"3865",4957
"3866",867
"3867",2858
"3868",6373
"3869",8055
"3870",2402
"3871",3153
"3872",4963
"3873",3697
"3874",459
"3875",8059
"3876",5051
"3877",2797
"3878",2978
"3879",7032
"3880",404
"3881",3478
"3882",3992
"3883",1674
"3884",963
"3885",2002
"3886",3060
"3887",1518
"3888",5147
"3889",8199
"3890",1149
"3891",6099
"3892",616
"3893",227
"3894",849
"3895",6834
"3896",7411
"3897",757
"3898",4897
"3899",7143
"3900",1041
"3901",6584
"3902",941
"3903",7111
"3904",1233
"3905",5770
"3906",120
"3907",4268
"3908",4351
"3909",5333
"3910",44
"3911",1045
"3912",4827
"3913",1324
"3914",5244
"3915",6917
"3916",1785
"3917",38
"3918",5651
"3919",7972
"3920",150
"3921",5153
"3922",419
"3923",461
"3924",3741
"3925",5728
"3926",7554
"3927",162
"3928",6512
"3929",4141
"3930",3626
"3931",7942
"3932",5136
"3933",3117
"3934",2804
"3935",2157
"3936",2721
"3937",7940
"3938",914
"3939",6881
"3940",2126
"3941",7767
"3942",6640
"3943",1396
"3944",5800
"3945",2909
"3946",6121
"3947",5923
"3948",4442
"3949",4823
"3950",2008
"3951",1887
"3952",2377
"3953",6720
"3954",3287
"3955",6596
"3956",1717
"3957",4729
"3958",4166
"3959",1536
"3960",5460
"3961",1153
"3962",3458
"3963",3767
"3964",7044
"3965",6062
"3966",3860
"3967",5050
"3968",3246
"3969",1094
"3970",5661
"3971",6362
"3972",2769
"3973",3281
"3974",7556
"3975",7734
"3976",5667
"3977",6069
"3978",6073
"3979",1965
"3980",1413
"3981",20
"3982",4925
"3983",6261
"3984",3288
"3985",6518
"3986",7068
"3987",2229
"3988",2423
"3989",7782
"3990",2256
"3991",1289
"3992",876
"3993",5562
"3994",833
"3995",7243
"3996",2220
"3997",3144
"3998",3857
"3999",338
"4000",3710
"4001",4321
"4002",4250
"4003",3862
"4004",3853
"4005",1575
"4006",7365
"4007",6310
"4008",8118
"4009",7428
"4010",1952
"4011",1303
"4012",1193
"4013",2696
"4014",7785
"4015",3372
"4016",2025
"4017",2059
"4018",2723
"4019",4115
"4020",2302
"4021",2752
"4022",621
"4023",4952
"4024",6236
"4025",7210
"4026",1206
"4027",5582
"4028",5085
"4029",1496
"4030",1262
"4031",3408
"4032",3720
"4033",8038
"4034",3424
"4035",7448
"4036",5072
"4037",5049
"4038",3532
"4039",2974
"4040",1825
"4041",6641
"4042",5675
"4043",576
"4044",4920
"4045",1231
"4046",766
"4047",88
"4048",3009
"4049",6398
"4050",2651
"4051",1319
"4052",6446
"4053",7467
"4054",1783
"4055",1586
"4056",6981
"4057",7388
"4058",7389
"4059",6118
"4060",2301
"4061",4330
"4062",7499
"4063",1035
"4064",2063
"4065",4892
"4066",3253
"4067",4673
"4068",7903
"4069",125
"4070",4572
"4071",1148
"4072",1731
"4073",646
"4074",6586
"4075",7354
"4076",1793
"4077",7161
"4078",7461
"4079",5911
"4080",2437
"4081",4364
"4082",3203
"4083",5027
"4084",5321
"4085",1935
"4086",3550
"4087",1111
"4088",1023
"4089",6939
"4090",4101
"4091",814
"4092",2024
"4093",5408
"4094",4949
"4095",4139
"4096",2527
"4097",1066
"4098",3152
"4099",3249
"4100",3778
"4101",6625
"4102",5756
"4103",2096
"4104",7706
"4105",5055
"4106",7643
"4107",2337
"4108",3706
"4109",6851
"4110",5368
"4111",5366
"4112",6959
"4113",3128
"4114",2427
"4115",2634
"4116",1551
"4117",557
"4118",519
"4119",8249
"4120",5621
"4121",3777
"4122",5918
"4123",1604
"4124",3150
"4125",689
"4126",5188
"4127",6057
"4128",5375
"4129",3946
"4130",3637
"4131",4811
"4132",3201
"4133",6193
"4134",3543
"4135",3438
"4136",1789
"4137",603
